bpn,url
BPNL00000000000A,http://localhost:4243/api/v3.0/lookup/shells?assetIds=eyJuYW1lIjoibWFudWZhY3R1cmVyUGFydElkIiwidmFsdWUiOiI5OTk5MSJ9&limit=100
BPNL00000000000B,http://localhost:4243/api/v3.0/lookup/shells?assetIds=eyJuYW1lIjoibWFudWZhY3R1cmVyUGFydElkIiwidmFsdWUiOiI5OTk5MSJ9&limit=100
BPNL00000000000C,http://localhost:4243/api/v3.0/lookup/shells?assetIds=eyJuYW1lIjoibWFudWZhY3R1cmVyUGFydElkIiwidmFsdWUiOiI5OTk5MSJ9&limit=100
BPNL00000000000D,http://localhost:4243/api/v3.0/lookup/shells?assetIds=eyJuYW1lIjoibWFudWZhY3R1cmVyUGFydElkIiwidmFsdWUiOiI5OTk5MSJ9&limit=100
BPNL00000000000E,http://localhost:4243/api/v3.0/lookup/shells?assetIds=eyJuYW1lIjoibWFudWZhY3R1cmVyUGFydElkIiwidmFsdWUiOiI5OTk5MSJ9&limit=100
BPNL00000000000F,http://localhost:4243/api/v3.0/lookup/shells?assetIds=eyJuYW1lIjoibWFudWZhY3R1cmVyUGFydElkIiwidmFsdWUiOiI5OTk5MSJ9&limit=100
BPNL00000000000G,http://localhost:4243/api/v3.0/lookup/shells?assetIds=eyJuYW1lIjoibWFudWZhY3R1cmVyUGFydElkIiwidmFsdWUiOiI5OTk5MSJ9&limit=100
BPNL00000000000H,http://localhost:4243/api/v3.0/lookup/shells?assetIds=eyJuYW1lIjoibWFudWZhY3R1cmVyUGFydElkIiwidmFsdWUiOiI5OTk5MSJ9&limit=100
BPNL00000000000I,http://localhost:4243/api/v3.0/lookup/shells?assetIds=eyJuYW1lIjoibWFudWZhY3R1cmVyUGFydElkIiwidmFsdWUiOiI5OTk5MSJ9&limit=100
BPNL00000000000J,http://localhost:4243/api/v3.0/lookup/shells?assetIds=eyJuYW1lIjoibWFudWZhY3R1cmVyUGFydElkIiwidmFsdWUiOiI5OTk5MSJ9&limit=100
BPNL00000000000K,http://localhost:4243/api/v3.0/lookup/shells?assetIds=eyJuYW1lIjoibWFudWZhY3R1cmVyUGFydElkIiwidmFsdWUiOiI5OTk5MSJ9&limit=100
BPNL00000000000L,http://localhost:4243/api/v3.0/lookup/shells?assetIds=eyJuYW1lIjoibWFudWZhY3R1cmVyUGFydElkIiwidmFsdWUiOiI5OTk5MSJ9&limit=100
BPNL00000000000M,http://localhost:4243/api/v3.0/lookup/shells?assetIds=eyJuYW1lIjoibWFudWZhY3R1cmVyUGFydElkIiwidmFsdWUiOiI5OTk5MSJ9&limit=100
BPNL00000000000N,http://localhost:4243/api/v3.0/lookup/shells?assetIds=eyJuYW1lIjoibWFudWZhY3R1cmVyUGFydElkIiwidmFsdWUiOiI5OTk5MSJ9&limit=100
BPNL00000000000O,http://localhost:4243/api/v3.0/lookup/shells?assetIds=eyJuYW1lIjoibWFudWZhY3R1cmVyUGFydElkIiwidmFsdWUiOiI5OTk5MSJ9&limit=100
BPNL00000000000P,http://localhost:4243/api/v3.0/lookup/shells?assetIds=eyJuYW1lIjoibWFudWZhY3R1cmVyUGFydElkIiwidmFsdWUiOiI5OTk5MSJ9&limit=100
BPNL00000000000Q,http://localhost:4243/api/v3.0/lookup/shells?assetIds=eyJuYW1lIjoibWFudWZhY3R1cmVyUGFydElkIiwidmFsdWUiOiI5OTk5MSJ9&limit=100
BPNL00000000000R,http://localhost:4243/api/v3.0/lookup/shells?assetIds=eyJuYW1lIjoibWFudWZhY3R1cmVyUGFydElkIiwidmFsdWUiOiI5OTk5MSJ9&limit=100
BPNL00000000000S,http://localhost:4243/api/v3.0/lookup/shells?assetIds=eyJuYW1lIjoibWFudWZhY3R1cmVyUGFydElkIiwidmFsdWUiOiI5OTk5MSJ9&limit=100
BPNL00000000000T,http://localhost:4243/api/v3.0/lookup/shells?assetIds=eyJuYW1lIjoibWFudWZhY3R1cmVyUGFydElkIiwidmFsdWUiOiI5OTk5MSJ9&limit=100
BPNL00000000000A,http://localhost:4243/api/v3.0/lookup/shells?assetIds=eyJuYW1lIjoibWFudWZhY3R1cmVyUGFydElkIiwidmFsdWUiOiI4ODg4MSJ9&limit=250
BPNL00000000000B,http://localhost:4243/api/v3.0/lookup/shells?assetIds=eyJuYW1lIjoibWFudWZhY3R1cmVyUGFydElkIiwidmFsdWUiOiI4ODg4MSJ9&limit=250
BPNL00000000000C,http://localhost:4243/api/v3.0/lookup/shells?assetIds=eyJuYW1lIjoibWFudWZhY3R1cmVyUGFydElkIiwidmFsdWUiOiI4ODg4MSJ9&limit=250
BPNL00000000000D,http://localhost:4243/api/v3.0/lookup/shells?assetIds=eyJuYW1lIjoibWFudWZhY3R1cmVyUGFydElkIiwidmFsdWUiOiI4ODg4MSJ9&limit=250
BPNL00000000000E,http://localhost:4243/api/v3.0/lookup/shells?assetIds=eyJuYW1lIjoibWFudWZhY3R1cmVyUGFydElkIiwidmFsdWUiOiI4ODg4MSJ9&limit=250
BPNL00000000000F,http://localhost:4243/api/v3.0/lookup/shells?assetIds=eyJuYW1lIjoibWFudWZhY3R1cmVyUGFydElkIiwidmFsdWUiOiI4ODg4MSJ9&limit=250
BPNL00000000000G,http://localhost:4243/api/v3.0/lookup/shells?assetIds=eyJuYW1lIjoibWFudWZhY3R1cmVyUGFydElkIiwidmFsdWUiOiI4ODg4MSJ9&limit=250
BPNL00000000000H,http://localhost:4243/api/v3.0/lookup/shells?assetIds=eyJuYW1lIjoibWFudWZhY3R1cmVyUGFydElkIiwidmFsdWUiOiI4ODg4MSJ9&limit=250
BPNL00000000000I,http://localhost:4243/api/v3.0/lookup/shells?assetIds=eyJuYW1lIjoibWFudWZhY3R1cmVyUGFydElkIiwidmFsdWUiOiI4ODg4MSJ9&limit=250
BPNL00000000000J,http://localhost:4243/api/v3.0/lookup/shells?assetIds=eyJuYW1lIjoibWFudWZhY3R1cmVyUGFydElkIiwidmFsdWUiOiI4ODg4MSJ9&limit=250
BPNL00000000000K,http://localhost:4243/api/v3.0/lookup/shells?assetIds=eyJuYW1lIjoibWFudWZhY3R1cmVyUGFydElkIiwidmFsdWUiOiI4ODg4MSJ9&limit=250
BPNL00000000000L,http://localhost:4243/api/v3.0/lookup/shells?assetIds=eyJuYW1lIjoibWFudWZhY3R1cmVyUGFydElkIiwidmFsdWUiOiI4ODg4MSJ9&limit=250
BPNL00000000000M,http://localhost:4243/api/v3.0/lookup/shells?assetIds=eyJuYW1lIjoibWFudWZhY3R1cmVyUGFydElkIiwidmFsdWUiOiI4ODg4MSJ9&limit=250
BPNL00000000000N,http://localhost:4243/api/v3.0/lookup/shells?assetIds=eyJuYW1lIjoibWFudWZhY3R1cmVyUGFydElkIiwidmFsdWUiOiI4ODg4MSJ9&limit=250
BPNL00000000000O,http://localhost:4243/api/v3.0/lookup/shells?assetIds=eyJuYW1lIjoibWFudWZhY3R1cmVyUGFydElkIiwidmFsdWUiOiI4ODg4MSJ9&limit=250
BPNL00000000000P,http://localhost:4243/api/v3.0/lookup/shells?assetIds=eyJuYW1lIjoibWFudWZhY3R1cmVyUGFydElkIiwidmFsdWUiOiI4ODg4MSJ9&limit=250
BPNL00000000000Q,http://localhost:4243/api/v3.0/lookup/shells?assetIds=eyJuYW1lIjoibWFudWZhY3R1cmVyUGFydElkIiwidmFsdWUiOiI4ODg4MSJ9&limit=250
BPNL00000000000R,http://localhost:4243/api/v3.0/lookup/shells?assetIds=eyJuYW1lIjoibWFudWZhY3R1cmVyUGFydElkIiwidmFsdWUiOiI4ODg4MSJ9&limit=250
BPNL00000000000S,http://localhost:4243/api/v3.0/lookup/shells?assetIds=eyJuYW1lIjoibWFudWZhY3R1cmVyUGFydElkIiwidmFsdWUiOiI4ODg4MSJ9&limit=250
BPNL00000000000T,http://localhost:4243/api/v3.0/lookup/shells?assetIds=eyJuYW1lIjoibWFudWZhY3R1cmVyUGFydElkIiwidmFsdWUiOiI4ODg4MSJ9&limit=250
BPNL00000000000A,http://localhost:4243/api/v3.0/lookup/shells?assetIds=eyJuYW1lIjoibWFudWZhY3R1cmVyUGFydElkIiwidmFsdWUiOiI0NDQ0MSJ9&limit=10
BPNL00000000000B,http://localhost:4243/api/v3.0/lookup/shells?assetIds=eyJuYW1lIjoibWFudWZhY3R1cmVyUGFydElkIiwidmFsdWUiOiI0NDQ0MSJ9&limit=10
BPNL00000000000C,http://localhost:4243/api/v3.0/lookup/shells?assetIds=eyJuYW1lIjoibWFudWZhY3R1cmVyUGFydElkIiwidmFsdWUiOiI0NDQ0MSJ9&limit=10
BPNL00000000000D,http://localhost:4243/api/v3.0/lookup/shells?assetIds=eyJuYW1lIjoibWFudWZhY3R1cmVyUGFydElkIiwidmFsdWUiOiI0NDQ0MSJ9&limit=10
BPNL00000000000E,http://localhost:4243/api/v3.0/lookup/shells?assetIds=eyJuYW1lIjoibWFudWZhY3R1cmVyUGFydElkIiwidmFsdWUiOiI0NDQ0MSJ9&limit=10
BPNL00000000000F,http://localhost:4243/api/v3.0/lookup/shells?assetIds=eyJuYW1lIjoibWFudWZhY3R1cmVyUGFydElkIiwidmFsdWUiOiI0NDQ0MSJ9&limit=10
BPNL00000000000G,http://localhost:4243/api/v3.0/lookup/shells?assetIds=eyJuYW1lIjoibWFudWZhY3R1cmVyUGFydElkIiwidmFsdWUiOiI0NDQ0MSJ9&limit=10
BPNL00000000000H,http://localhost:4243/api/v3.0/lookup/shells?assetIds=eyJuYW1lIjoibWFudWZhY3R1cmVyUGFydElkIiwidmFsdWUiOiI0NDQ0MSJ9&limit=10
BPNL00000000000I,http://localhost:4243/api/v3.0/lookup/shells?assetIds=eyJuYW1lIjoibWFudWZhY3R1cmVyUGFydElkIiwidmFsdWUiOiI0NDQ0MSJ9&limit=10
BPNL00000000000J,http://localhost:4243/api/v3.0/lookup/shells?assetIds=eyJuYW1lIjoibWFudWZhY3R1cmVyUGFydElkIiwidmFsdWUiOiI0NDQ0MSJ9&limit=10
BPNL00000000000K,http://localhost:4243/api/v3.0/lookup/shells?assetIds=eyJuYW1lIjoibWFudWZhY3R1cmVyUGFydElkIiwidmFsdWUiOiI0NDQ0MSJ9&limit=10
BPNL00000000000L,http://localhost:4243/api/v3.0/lookup/shells?assetIds=eyJuYW1lIjoibWFudWZhY3R1cmVyUGFydElkIiwidmFsdWUiOiI0NDQ0MSJ9&limit=10
BPNL00000000000M,http://localhost:4243/api/v3.0/lookup/shells?assetIds=eyJuYW1lIjoibWFudWZhY3R1cmVyUGFydElkIiwidmFsdWUiOiI0NDQ0MSJ9&limit=10
BPNL00000000000N,http://localhost:4243/api/v3.0/lookup/shells?assetIds=eyJuYW1lIjoibWFudWZhY3R1cmVyUGFydElkIiwidmFsdWUiOiI0NDQ0MSJ9&limit=10
BPNL00000000000O,http://localhost:4243/api/v3.0/lookup/shells?assetIds=eyJuYW1lIjoibWFudWZhY3R1cmVyUGFydElkIiwidmFsdWUiOiI0NDQ0MSJ9&limit=10
BPNL00000000000P,http://localhost:4243/api/v3.0/lookup/shells?assetIds=eyJuYW1lIjoibWFudWZhY3R1cmVyUGFydElkIiwidmFsdWUiOiI0NDQ0MSJ9&limit=10
BPNL00000000000Q,http://localhost:4243/api/v3.0/lookup/shells?assetIds=eyJuYW1lIjoibWFudWZhY3R1cmVyUGFydElkIiwidmFsdWUiOiI0NDQ0MSJ9&limit=10
BPNL00000000000R,http://localhost:4243/api/v3.0/lookup/shells?assetIds=eyJuYW1lIjoibWFudWZhY3R1cmVyUGFydElkIiwidmFsdWUiOiI0NDQ0MSJ9&limit=10
BPNL00000000000S,http://localhost:4243/api/v3.0/lookup/shells?assetIds=eyJuYW1lIjoibWFudWZhY3R1cmVyUGFydElkIiwidmFsdWUiOiI0NDQ0MSJ9&limit=10
BPNL00000000000T,http://localhost:4243/api/v3.0/lookup/shells?assetIds=eyJuYW1lIjoibWFudWZhY3R1cmVyUGFydElkIiwidmFsdWUiOiI0NDQ0MSJ9&limit=10
